SKU,COLOUR,TYPE,DecorationType,Theme,ProcessorCategory
OC062001_L_US,Brass,Large Metal,,,large_metal_graphic
OC062005_L_US,Aluminium,Large Metal,Graphic,,large_metal_graphic
OD042004,Silver,Regular Stake,Graphic,Pet,regular_stakes_graphic_coloured
OD042004UKPhoto,Gold,Regular Stake,Photo,Pet,regular_stakes_photo_coloured
OD042005Silver,Silver,Regular Stake,Graphic,Pet,regular_stakes_graphic_coloured
OD045003,Silver,Regular Stake,Graphic,,regular_stakes_graphic_coloured
OD045003Copper,Copper,Regular Stake,Graphic,,regular_stakes_graphic_coloured
OD045003US_New,Silver,Regular Stake,Graphic,,regular_stakes_graphic_coloured
OD045004_1,Gold,Regular Stake,Graphic,,regular_stakes_graphic_coloured
OD045004_1Copper,Copper,Regular Stake,Graphic,,regular_stakes_graphic_coloured
OD045004_1Silver,Silver,Regular Stake,Graphic,,regular_stakes_graphic_coloured
OD045026US,Silver,Regular Plaque,Graphic,,regular_stakes_graphic_coloured
OM008015UK Regular Black,Black,Regular Stake,Photo,,regular_stakes_photo_bw
OPUV022023UK,Black,Regular Stake,Graphic,,regular_stakes_graphic_bw
OD045003Black,Black,Regular Stake,Graphic,,regular_stakes_graphic_bw
OD045004_1Gold,Gold,Regular Stake,Graphic,,regular_stakes_graphic_coloured
OD042013,Silver,Regular Stake,Graphic,Pet,regular_stakes_graphic_coloured
M0634GOLD,Gold,Regular Stake,Graphic,,regular_stakes_graphic_coloured
OC062005_M_US,BRASS,Medium Metal,,,medium_metal_graphic
OD045003Gold,Gold,Regular Stake,Graphic,,regular_stakes_graphic_coloured
OPUV022024UK,Black,Regular Stake,Photo,,regular_stakes_photo_bw
OM008015UK Large Silver,Silver,Large Stake,Photo,,large_stakes_photo_coloured
OM008015UK Regular Gold,Gold,Regular Stake,Photo,,regular_stakes_photo_coloured
OD045026UKGraphic,Silver,Regular Plaque,Graphic,,regular_stakes_graphic_coloured
M0680Stone,Stone,Regular Stake,Photo,,regular_stakes_photo_coloured
OD045008Contemporary,Gold,Regular Stake,Graphic,,regular_stakes_graphic_coloured
OM008015LargeUK,Silver,Large Stake,Photo,,large_stakes_photo_coloured
OD045103,Black,Regular Stake,Graphic,,regular_stakes_graphic_bw
M0634BLACK,Black,Regular Stake,Graphic,,regular_stakes_graphic_bw
OC062005_M_US,Aluminium,Medium Metal,,,medium_metal_graphic
OC062001_M_US,Brass,Medium Metal,,,medium_metal_graphic
M0680Silver - Cat,Silver,Regular Stake,Photo,Pet,regular_stakes_photo_coloured
M0634Black - Cat,Black,Regular Stake,Graphic,Pet,regular_stakes_graphic_bw
M0680GOLDUS2,Gold,Large Stake,Photo,,large_stakes_photo_coloured
M0680SILVERUS2,Silver,Large Stake,Photo,,large_stakes_photo_coloured
M0634SILVER,Silver,Regular Stake,Graphic,,regular_stakes_graphic_coloured
OC062001_M_UK,Brass,Medium Metal,,,medium_metal_graphic
OD045049Silver,Silver,Regular Stake,Graphic,Baby,regular_stakes_graphic_coloured
M0683BrassXL,Brass,XL Metal,,,xl_metal_graphic
OM009005L Slate,Slate,Large Stake,Photo,,large_stakes_photo_bw
OM003025L,Gold,Large Stake,Graphic,Islamic,large_stakes_graphic_coloured
OM008016BW,Black,Large Stake,Photo,,large_stakes_photo_bw
OD045003CA,Silver,Regular Stake,Graphic,,regular_stakes_graphic_coloured
M0634BLACKUS2,Black,Regular Stake,Graphic,,regular_stakes_graphic_bw
OM003025LBWUKPhoto,Black,Large Stake,Photo,Islamic,large_stakes_photo_bw
OD042007UK,Silver,Regular Stake,Graphic,,regular_stakes_graphic_coloured
OMS008046RegUK,Silver,Regular Plaque,Photo,,regular_stakes_photo_coloured
M0634S - CAT - BLACK,Black,Small Stake,Graphic,Pet,small_stakes_graphic_bw
OD045032Gold,Gold,Regular Stake,Graphic,,regular_stakes_graphic_coloured
OD042004Gold,Gold,Regular Stake,Graphic,,regular_stakes_graphic_coloured
OD045049Copper,Copper,Regular Stake,Graphic,Baby,regular_stakes_graphic_coloured
OM009005L Stone,Stone,Large Stake,Photo,,large_stakes_photo_coloured
OC062001_S_US,Brass,Small Metal,,,small_metal_graphic
OM003025LBW,Black,Large Stake,Graphic,Islamic,large_stakes_graphic_bw
OM008016Gold,Gold,Large Stake,Photo,,large_stakes_photo_coloured
OM008048Silver,Silver,Large Stake,Photo,,large_stakes_photo_coloured
OM003025LUKPhoto,Gold,Large Stake,Photo,,large_stakes_photo_coloured
OD045032Silver,Silver,Regular Stake,Graphic,,regular_stakes_graphic_coloured
OM008015RegUK,Marble,Regular Stake,Photo,,regular_stakes_photo_coloured
OM008016Silver,Silver,Large Stake,Photo,,large_stakes_photo_coloured
OD042013USGraphic,Silver,Regular Stake,Graphic,,regular_stakes_graphic_coloured
M0634S - CAT - COPPER,Copper,Small Stake,Graphic,Pet,small_stakes_graphic_coloured
OD045004,Gold,Regular Stake,Graphic,,regular_stakes_graphic_coloured
OM008015UK Large Black,Black,Large Stake,Photo,,large_stakes_photo_bw
OD045048Gold,Gold,Heart Stake,Graphic,,heart_stakes_graphic_coloured
OC062001_S_CA,Brass,Small Metal,,,small_metal_graphic
OM008015UK Large Copper,Copper,Large Stake,Photo,,large_stakes_photo_coloured
OD042004Silver,Silver,Regular Stake,Graphic,,regular_stakes_graphic_coloured
OD045057,Black,Heart Stake,Graphic,,heart_stakes_graphic
OM008021,Silver,Regular Stake,Graphic,Islamic,regular_stakes_graphic_coloured
OD042006,Silver,Regular Stake,Graphic,,regular_stakes_graphic_coloured
OD045049Gold,Gold,Regular Stake,Graphic,Baby,regular_stakes_graphic_coloured
OM008015UK Regular Silver,Silver,Regular Stake,Photo,,regular_stakes_photo_coloured
M0680Slate,Slate,Regular Stake,Photo,,regular_stakes_photo_bw
OM008015LargeUS,Silver,Large Stake,Photo,,large_stakes_photo_coloured
OC062005_L_CA,Brass,Large Metal,,,unclassified
OC062005_S_US,Aluminium,Small Metal,,,small_metal_graphic
OD045008Elegant,Gold,Regular Stake,Graphic,,regular_stakes_graphic_coloured
OM001047,Aluminium,Medium Metal,,,medium_metal_graphic
OM003025,Gold,Regular Stake,Graphic,Islamic,regular_stakes_graphic_coloured
OM003025BW,Black,Regular Stake,Graphic,Islamic,regular_stakes_graphic_bw
M0680Gold,Gold,Large Stake,Photo,,large_stakes_photo_coloured
OD045027US,Gold,Regular Plaque,Graphic,,regular_stakes_graphic_coloured
M0634S - CAT - RAINBOW Bridge,Black,Small Stake,Graphic,,small_stakes_graphic_bw
OD042030Silver,Silver,Regular Stake,Graphic,,regular_stakes_graphic_coloured
OM003038,Silver,Large Stake,Graphic,,large_stakes_graphic_coloured
OD045008Floral,Silver,Regular Stake,Graphic,,regular_stakes_graphic_coloured
OC062001_L_CA,Brass,Large Metal,,,unclassified
OC062005_M_UK,Aluminium,Medium Metal,,,medium_metal_graphic
OD045008Heart,Silver,Regular Stake,Graphic,,regular_stakes_graphic_coloured
OM008048Copper,Copper,Regular Stake,Photo,,regular_stakes_photo_coloured
OD042031Silver,Silver,Regular Stake,Graphic,Pet,regular_stakes_graphic_coloured
M0680Black - Cat,Black,Regular Stake,Photo,,regular_stakes_photo_bw
M0634GOLDUS2,Gold,Regular Stake,Graphic,,regular_stakes_graphic_coloured
OD042004CA,Silver,Regular Stake,Graphic,Pet,regular_stakes_graphic_coloured
OM009005L Marble,Marble,Large Stake,Photo,,large_stakes_photo_coloured
M0680Gold - Cat,Gold,Regular Stake,Photo,Pet,regular_stakes_photo_coloured
OD042030BW,Black,Regular Stake,Graphic,,regular_stakes_photo_bw
M0680SILVER,Silver,Regular Stake,Photo,,regular_stakes_photo_coloured
M0680BLACKUS2,Black,Regular Stake,Photo,,regular_stakes_photo_bw
